test_date,Country,host_ip,num_packets,packet_size,base_losses_str,id_pcap_data,discrimination_losses_str,id_pcap_data
2016-04-20 17:13:14,planetlab1.cs.ucla.edu,131.179.150.70,5000,1024,20,7931( 131.179.150.70 ),0,7932( 131.179.150.70 )
2016-04-20 18:13:11,planetlab1.cs.ucla.edu,131.179.150.70,5000,1024,20,7991( 131.179.150.70 ),0,7992( 131.179.150.70 )
2016-04-20 19:13:10,planetlab1.cs.ucla.edu,131.179.150.70,5000,1024,20,8047( 131.179.150.70 ),0,8048( 131.179.150.70 )
2016-04-20 20:12:44,planetlab1.cs.ucla.edu,131.179.150.70,5000,1024,20,8103( 131.179.150.70 ),2453,8104( 131.179.150.70 )
2016-04-20 21:12:44,planetlab1.cs.ucla.edu,131.179.150.70,5000,1024,20,8159( 131.179.150.70 ),2414,8160( 131.179.150.70 )
2016-04-20 22:12:43,planetlab1.cs.ucla.edu,131.179.150.70,5000,1024,20,8215( 131.179.150.70 ),2405,8216( 131.179.150.70 )
2016-04-20 23:12:42,planetlab1.cs.ucla.edu,131.179.150.70,5000,1024,20,8271( 131.179.150.70 ),2385,8272( 131.179.150.70 )
2016-04-21 00:12:43,planetlab1.cs.ucla.edu,131.179.150.70,5000,1024,20,8327( 131.179.150.70 ),2417,8328( 131.179.150.70 )
2016-04-21 01:12:42,planetlab1.cs.ucla.edu,131.179.150.70,5000,1024,20,8383( 131.179.150.70 ),2478,8384( 131.179.150.70 )
2016-04-21 02:12:42,planetlab1.cs.ucla.edu,131.179.150.70,5000,1024,20,8439( 131.179.150.70 ),2467,8440( 131.179.150.70 )
2016-04-21 03:12:43,planetlab1.cs.ucla.edu,131.179.150.70,5000,1024,20,8495( 131.179.150.70 ),2500,8496( 131.179.150.70 )
2016-04-21 05:08:09,planetlab1.cs.ucla.edu,131.179.150.70,5000,1024,734,8536( 131.179.150.70 ),702,8544( 131.179.150.70 )
2016-04-21 07:06:09,planetlab1.cs.ucla.edu,131.179.150.70,5000,1024,740,8550( 131.179.150.70 ),594,8556( 131.179.150.70 )
2016-04-21 09:07:27,planetlab1.cs.ucla.edu,131.179.150.70,5000,1024,695,8562( 131.179.150.70 ),1320,8568( 131.179.150.70 )
2016-04-21 10:14:20,planetlab1.cs.ucla.edu,131.179.150.70,5000,1024,20,8574( 131.179.150.70 ),2205,8575( 131.179.150.70 )
2016-04-21 12:08:08,planetlab1.cs.ucla.edu,131.179.150.70,5000,1024,1323,8581( 131.179.150.70 ),735,8587( 131.179.150.70 )
2016-04-21 14:08:08,planetlab1.cs.ucla.edu,131.179.150.70,5000,1024,785,8593( 131.179.150.70 ),50,8599( 131.179.150.70 )
2016-04-21 16:00:14,planetlab1.cs.ucla.edu,131.179.150.70,5000,1024,1425,8605( 131.179.150.70 ),20,8609( 131.179.150.70 )
2016-04-21 17:00:13,planetlab1.cs.ucla.edu,131.179.150.70,5000,1024,2064,8610( 131.179.150.70 ),20,8625( 131.179.150.70 )
2016-04-21 18:00:15,planetlab1.cs.ucla.edu,131.179.150.70,5000,1024,1369,8626( 131.179.150.70 ),20,8641( 131.179.150.70 )
2016-04-21 19:00:14,planetlab1.cs.ucla.edu,131.179.150.70,5000,1024,2009,8642( 131.179.150.70 ),20,8657( 131.179.150.70 )
2016-04-21 20:00:12,planetlab1.cs.ucla.edu,131.179.150.70,5000,1024,2041,8658( 131.179.150.70 ),20,8673( 131.179.150.70 )
2016-04-21 21:00:11,planetlab1.cs.ucla.edu,131.179.150.70,5000,1024,2388,8674( 131.179.150.70 ),20,8689( 131.179.150.70 )
2016-04-21 22:00:12,planetlab1.cs.ucla.edu,131.179.150.70,5000,1024,2497,8690( 131.179.150.70 ),20,8705( 131.179.150.70 )
2016-04-21 23:00:14,planetlab1.cs.ucla.edu,131.179.150.70,5000,1024,2399,8706( 131.179.150.70 ),20,8721( 131.179.150.70 )
2016-04-22 00:00:18,planetlab1.cs.ucla.edu,131.179.150.70,5000,1024,2111,8722( 131.179.150.70 ),20,8731( 131.179.150.70 )
2016-04-22 01:00:11,planetlab1.cs.ucla.edu,131.179.150.70,5000,1024,2368,8732( 131.179.150.70 ),20,8747( 131.179.150.70 )
2016-04-22 02:00:16,planetlab1.cs.ucla.edu,131.179.150.70,5000,1024,2390,8748( 131.179.150.70 ),20,8763( 131.179.150.70 )
2016-04-22 03:00:14,planetlab1.cs.ucla.edu,131.179.150.70,5000,1024,2318,8764( 131.179.150.70 ),20,8779( 131.179.150.70 )
2016-04-22 04:00:16,planetlab1.cs.ucla.edu,131.179.150.70,5000,1024,2317,8780( 131.179.150.70 ),20,8795( 131.179.150.70 )
2016-04-22 05:00:11,planetlab1.cs.ucla.edu,131.179.150.70,5000,1024,2429,8796( 131.179.150.70 ),20,8811( 131.179.150.70 )
2016-04-22 06:00:12,planetlab1.cs.ucla.edu,131.179.150.70,5000,1024,2414,8812( 131.179.150.70 ),20,8827( 131.179.150.70 )
2016-04-22 07:00:11,planetlab1.cs.ucla.edu,131.179.150.70,5000,1024,2362,8828( 131.179.150.70 ),20,8843( 131.179.150.70 )
2016-04-22 08:00:17,planetlab1.cs.ucla.edu,131.179.150.70,5000,1024,2500,8844( 131.179.150.70 ),95,8859( 131.179.150.70 )
2016-04-22 09:00:11,planetlab1.cs.ucla.edu,131.179.150.70,5000,1024,2558,8860( 131.179.150.70 ),94,8875( 131.179.150.70 )
2016-04-22 10:00:11,planetlab1.cs.ucla.edu,131.179.150.70,5000,1024,2496,8876( 131.179.150.70 ),96,8891( 131.179.150.70 )
2016-04-22 11:00:16,planetlab1.cs.ucla.edu,131.179.150.70,5000,1024,2533,8892( 131.179.150.70 ),38,8907( 131.179.150.70 )
2016-04-22 12:00:12,planetlab1.cs.ucla.edu,131.179.150.70,5000,1024,2541,8908( 131.179.150.70 ),20,8923( 131.179.150.70 )
2016-04-22 13:00:13,planetlab1.cs.ucla.edu,131.179.150.70,5000,1024,2406,8924( 131.179.150.70 ),22,8939( 131.179.150.70 )
2016-04-22 14:00:11,planetlab1.cs.ucla.edu,131.179.150.70,5000,1024,2380,8940( 131.179.150.70 ),20,8955( 131.179.150.70 )
2016-04-22 15:00:10,planetlab1.cs.ucla.edu,131.179.150.70,5000,1024,2458,8956( 131.179.150.70 ),67,8971( 131.179.150.70 )
2016-04-22 16:00:13,planetlab1.cs.ucla.edu,131.179.150.70,5000,1024,2507,8972( 131.179.150.70 ),28,8987( 131.179.150.70 )
2016-04-22 17:00:10,planetlab1.cs.ucla.edu,131.179.150.70,5000,1024,2497,8988( 131.179.150.70 ),65,9003( 131.179.150.70 )
2016-04-22 18:00:12,planetlab1.cs.ucla.edu,131.179.150.70,5000,1024,2460,9004( 131.179.150.70 ),20,9019( 131.179.150.70 )
2016-04-22 19:00:12,planetlab1.cs.ucla.edu,131.179.150.70,5000,1024,2440,9020( 131.179.150.70 ),48,9035( 131.179.150.70 )
2016-04-22 20:00:10,planetlab1.cs.ucla.edu,131.179.150.70,5000,1024,2489,9036( 131.179.150.70 ),47,9051( 131.179.150.70 )
2016-04-22 21:00:11,planetlab1.cs.ucla.edu,131.179.150.70,5000,1024,2517,9052( 131.179.150.70 ),30,9067( 131.179.150.70 )
2016-04-22 22:00:10,planetlab1.cs.ucla.edu,131.179.150.70,5000,1024,2500,9068( 131.179.150.70 ),48,9083( 131.179.150.70 )
2016-04-22 23:00:11,planetlab1.cs.ucla.edu,131.179.150.70,5000,1024,2475,9084( 131.179.150.70 ),20,9099( 131.179.150.70 )
2016-04-20 17:15:09,planetlab2.cs.ucla.edu,131.179.150.72,5000,1024,20,7933( 131.179.150.72 ),0,7934( 131.179.150.72 )
2016-04-20 18:15:06,planetlab2.cs.ucla.edu,131.179.150.72,5000,1024,20,7993( 131.179.150.72 ),0,7994( 131.179.150.72 )
2016-04-20 19:15:08,planetlab2.cs.ucla.edu,131.179.150.72,5000,1024,48,8049( 131.179.150.72 ),6,8050( 131.179.150.72 )
2016-04-20 19:35:14,planetlab2.cs.ucla.edu,131.179.150.72,5000,1024,30,8069( 131.179.150.72 ),31,8070( 131.179.150.72 )
2016-04-20 19:36:37,planetlab2.cs.ucla.edu,131.179.150.72,5000,1024,35,8071( 131.179.150.72 ),0,8072( 131.179.150.72 )
2016-04-20 19:37:19,planetlab2.cs.ucla.edu,131.179.150.72,5000,1024,48,8073( 131.179.150.72 ),4303,8074( 131.179.150.72 )
2016-04-20 19:38:15,planetlab2.cs.ucla.edu,131.179.150.72,5000,1024,48,8075( 131.179.150.72 ),3503,8076( 131.179.150.72 )
2016-04-20 19:40:13,planetlab2.cs.ucla.edu,131.179.150.72,5000,1024,29,8077( 131.179.150.72 ),2480,8078( 131.179.150.72 )
2016-04-20 20:14:42,planetlab2.cs.ucla.edu,131.179.150.72,5000,1024,20,8105( 131.179.150.72 ),2432,8106( 131.179.150.72 )
2016-04-20 21:14:42,planetlab2.cs.ucla.edu,131.179.150.72,5000,1024,48,8161( 131.179.150.72 ),2491,8162( 131.179.150.72 )
2016-04-20 22:14:41,planetlab2.cs.ucla.edu,131.179.150.72,5000,1024,20,8217( 131.179.150.72 ),2416,8218( 131.179.150.72 )
2016-04-20 23:14:41,planetlab2.cs.ucla.edu,131.179.150.72,5000,1024,20,8273( 131.179.150.72 ),2439,8274( 131.179.150.72 )
2016-04-21 00:14:42,planetlab2.cs.ucla.edu,131.179.150.72,5000,1024,20,8329( 131.179.150.72 ),2421,8330( 131.179.150.72 )
2016-04-21 01:14:42,planetlab2.cs.ucla.edu,131.179.150.72,5000,1024,20,8385( 131.179.150.72 ),2495,8386( 131.179.150.72 )
2016-04-21 02:14:41,planetlab2.cs.ucla.edu,131.179.150.72,5000,1024,20,8441( 131.179.150.72 ),2467,8442( 131.179.150.72 )
2016-04-21 03:14:41,planetlab2.cs.ucla.edu,131.179.150.72,5000,1024,20,8497( 131.179.150.72 ),2396,8498( 131.179.150.72 )
2016-04-21 05:12:11,planetlab2.cs.ucla.edu,131.179.150.72,5000,1024,1787,8537( 131.179.150.72 ),20,8545( 131.179.150.72 )
2016-04-21 07:12:10,planetlab2.cs.ucla.edu,131.179.150.72,5000,1024,20,8551( 131.179.150.72 ),20,8557( 131.179.150.72 )
2016-04-21 09:14:28,planetlab2.cs.ucla.edu,131.179.150.72,5000,1024,20,8563( 131.179.150.72 ),20,8569( 131.179.150.72 )
2016-04-21 11:14:29,planetlab2.cs.ucla.edu,131.179.150.72,5000,1024,20,8576( 131.179.150.72 ),20,8582( 131.179.150.72 )
2016-04-21 13:12:12,planetlab2.cs.ucla.edu,131.179.150.72,5000,1024,2310,8588( 131.179.150.72 ),20,8594( 131.179.150.72 )
2016-04-21 15:36:11,planetlab2.cs.ucla.edu,131.179.150.72,5000,1024,48,8607( 131.179.150.72 ),2414,8608( 131.179.150.72 )
2016-04-21 16:05:13,planetlab2.cs.ucla.edu,131.179.150.72,5000,1024,20,8611( 131.179.150.72 ),1182,8612( 131.179.150.72 )
2016-04-21 17:04:41,planetlab2.cs.ucla.edu,131.179.150.72,5000,1024,20,8627( 131.179.150.72 ),2365,8628( 131.179.150.72 )
2016-04-21 18:04:43,planetlab2.cs.ucla.edu,131.179.150.72,5000,1024,20,8643( 131.179.150.72 ),2449,8644( 131.179.150.72 )
2016-04-21 19:04:42,planetlab2.cs.ucla.edu,131.179.150.72,5000,1024,48,8659( 131.179.150.72 ),2383,8660( 131.179.150.72 )
2016-04-21 20:04:40,planetlab2.cs.ucla.edu,131.179.150.72,5000,1024,52,8675( 131.179.150.72 ),2554,8676( 131.179.150.72 )
2016-04-21 21:04:41,planetlab2.cs.ucla.edu,131.179.150.72,5000,1024,20,8691( 131.179.150.72 ),2492,8692( 131.179.150.72 )
2016-04-21 22:04:43,planetlab2.cs.ucla.edu,131.179.150.72,5000,1024,34,8707( 131.179.150.72 ),2403,8708( 131.179.150.72 )
2016-04-22 00:06:41,planetlab2.cs.ucla.edu,131.179.150.72,5000,1024,20,8733( 131.179.150.72 ),0,8734( 131.179.150.72 )
2016-04-22 01:07:37,planetlab2.cs.ucla.edu,131.179.150.72,5000,1024,20,8749( 131.179.150.72 ),0,8750( 131.179.150.72 )
2016-04-22 02:06:36,planetlab2.cs.ucla.edu,131.179.150.72,5000,1024,20,8765( 131.179.150.72 ),0,8766( 131.179.150.72 )
2016-04-22 03:04:44,planetlab2.cs.ucla.edu,131.179.150.72,5000,1024,24,8781( 131.179.150.72 ),2418,8782( 131.179.150.72 )
2016-04-22 04:04:41,planetlab2.cs.ucla.edu,131.179.150.72,5000,1024,20,8797( 131.179.150.72 ),2517,8798( 131.179.150.72 )
2016-04-22 05:04:41,planetlab2.cs.ucla.edu,131.179.150.72,5000,1024,26,8813( 131.179.150.72 ),2503,8814( 131.179.150.72 )
2016-04-22 06:04:43,planetlab2.cs.ucla.edu,131.179.150.72,5000,1024,42,8829( 131.179.150.72 ),2398,8830( 131.179.150.72 )
2016-04-22 07:04:41,planetlab2.cs.ucla.edu,131.179.150.72,5000,1024,20,8845( 131.179.150.72 ),2532,8846( 131.179.150.72 )
2016-04-22 08:04:42,planetlab2.cs.ucla.edu,131.179.150.72,5000,1024,20,8861( 131.179.150.72 ),2446,8862( 131.179.150.72 )
2016-04-22 09:04:41,planetlab2.cs.ucla.edu,131.179.150.72,5000,1024,20,8877( 131.179.150.72 ),2486,8878( 131.179.150.72 )
2016-04-22 10:04:43,planetlab2.cs.ucla.edu,131.179.150.72,5000,1024,20,8893( 131.179.150.72 ),2378,8894( 131.179.150.72 )
2016-04-22 11:04:41,planetlab2.cs.ucla.edu,131.179.150.72,5000,1024,47,8909( 131.179.150.72 ),2411,8910( 131.179.150.72 )
2016-04-22 12:04:41,planetlab2.cs.ucla.edu,131.179.150.72,5000,1024,20,8925( 131.179.150.72 ),2495,8926( 131.179.150.72 )
2016-04-22 13:04:40,planetlab2.cs.ucla.edu,131.179.150.72,5000,1024,20,8941( 131.179.150.72 ),2501,8942( 131.179.150.72 )
2016-04-22 14:04:40,planetlab2.cs.ucla.edu,131.179.150.72,5000,1024,20,8957( 131.179.150.72 ),2483,8958( 131.179.150.72 )
2016-04-22 15:04:40,planetlab2.cs.ucla.edu,131.179.150.72,5000,1024,56,8973( 131.179.150.72 ),2485,8974( 131.179.150.72 )
2016-04-22 16:04:43,planetlab2.cs.ucla.edu,131.179.150.72,5000,1024,20,8989( 131.179.150.72 ),2436,8990( 131.179.150.72 )
2016-04-22 17:04:40,planetlab2.cs.ucla.edu,131.179.150.72,5000,1024,32,9005( 131.179.150.72 ),2519,9006( 131.179.150.72 )
2016-04-22 18:04:41,planetlab2.cs.ucla.edu,131.179.150.72,5000,1024,34,9021( 131.179.150.72 ),2571,9022( 131.179.150.72 )
2016-04-22 19:04:41,planetlab2.cs.ucla.edu,131.179.150.72,5000,1024,64,9037( 131.179.150.72 ),2433,9038( 131.179.150.72 )
2016-04-22 20:04:45,planetlab2.cs.ucla.edu,131.179.150.72,5000,1024,20,9053( 131.179.150.72 ),2384,9054( 131.179.150.72 )
2016-04-22 21:04:40,planetlab2.cs.ucla.edu,131.179.150.72,5000,1024,23,9069( 131.179.150.72 ),2598,9070( 131.179.150.72 )
2016-04-22 22:04:42,planetlab2.cs.ucla.edu,131.179.150.72,5000,1024,57,9085( 131.179.150.72 ),2479,9086( 131.179.150.72 )
2016-04-22 23:04:43,planetlab2.cs.ucla.edu,131.179.150.72,5000,1024,20,9101( 131.179.150.72 ),2362,9102( 131.179.150.72 )
2016-04-23 11:17:02,planetlab2.cs.ucla.edu,131.179.150.72,5000,1024,4500,9115( 131.179.150.72 ),4500,9116( 131.179.150.72 )
2016-04-23 11:17:26,planetlab2.cs.ucla.edu,131.179.150.72,5000,1024,4200,9117( 131.179.150.72 ),4200,9118( 131.179.150.72 )
2016-04-23 11:17:55,planetlab2.cs.ucla.edu,131.179.150.72,5000,1024,4000,9119( 131.179.150.72 ),4000,9120( 131.179.150.72 )
2016-04-23 11:18:38,planetlab2.cs.ucla.edu,131.179.150.72,5000,1024,3520,9121( 131.179.150.72 ),3507,9122( 131.179.150.72 )
2016-04-23 11:19:23,planetlab2.cs.ucla.edu,131.179.150.72,5000,1024,3028,9123( 131.179.150.72 ),3030,9124( 131.179.150.72 )
2016-04-23 11:20:09,planetlab2.cs.ucla.edu,131.179.150.72,5000,1024,2534,9125( 131.179.150.72 ),2654,9126( 131.179.150.72 )
2016-04-23 11:20:56,planetlab2.cs.ucla.edu,131.179.150.72,5000,1024,2043,9127( 131.179.150.72 ),2657,9128( 131.179.150.72 )
2016-04-20 16:27:12,planetlab-2.ssvl.kth.se,192.16.125.12,5000,1024,82,7889( 192.16.125.12 ),35,7890( 192.16.125.12 )
2016-04-20 17:27:11,planetlab-2.ssvl.kth.se,192.16.125.12,5000,1024,63,7945( 192.16.125.12 ),20,7946( 192.16.125.12 )
2016-04-20 18:27:11,planetlab-2.ssvl.kth.se,192.16.125.12,5000,1024,64,8005( 192.16.125.12 ),24,8006( 192.16.125.12 )
2016-04-20 19:27:14,planetlab-2.ssvl.kth.se,192.16.125.12,5000,1024,61,8061( 192.16.125.12 ),20,8062( 192.16.125.12 )
2016-04-20 20:26:45,planetlab-2.ssvl.kth.se,192.16.125.12,5000,1024,58,8117( 192.16.125.12 ),2514,8118( 192.16.125.12 )
2016-04-20 21:26:46,planetlab-2.ssvl.kth.se,192.16.125.12,5000,1024,31,8173( 192.16.125.12 ),2517,8174( 192.16.125.12 )
2016-04-20 22:26:51,planetlab-2.ssvl.kth.se,192.16.125.12,5000,1024,61,8229( 192.16.125.12 ),2475,8230( 192.16.125.12 )
2016-04-20 23:26:45,planetlab-2.ssvl.kth.se,192.16.125.12,5000,1024,70,8285( 192.16.125.12 ),2487,8286( 192.16.125.12 )
2016-04-21 00:26:46,planetlab-2.ssvl.kth.se,192.16.125.12,5000,1024,70,8341( 192.16.125.12 ),2468,8342( 192.16.125.12 )
2016-04-21 01:26:45,planetlab-2.ssvl.kth.se,192.16.125.12,5000,1024,67,8397( 192.16.125.12 ),2538,8398( 192.16.125.12 )
2016-04-21 02:26:46,planetlab-2.ssvl.kth.se,192.16.125.12,5000,1024,58,8453( 192.16.125.12 ),2511,8454( 192.16.125.12 )
2016-04-21 03:26:45,planetlab-2.ssvl.kth.se,192.16.125.12,5000,1024,51,8509( 192.16.125.12 ),2512,8510( 192.16.125.12 )
2016-04-21 05:19:30,planetlab-2.ssvl.kth.se,192.16.125.12,5000,1024,139,8538( 192.16.125.12 ),2235,8546( 192.16.125.12 )
2016-04-21 07:18:16,planetlab-2.ssvl.kth.se,192.16.125.12,5000,1024,216,8552( 192.16.125.12 ),213,8558( 192.16.125.12 )
2016-04-21 09:18:16,planetlab-2.ssvl.kth.se,192.16.125.12,5000,1024,142,8564( 192.16.125.12 ),220,8570( 192.16.125.12 )
2016-04-21 11:18:16,planetlab-2.ssvl.kth.se,192.16.125.12,5000,1024,143,8577( 192.16.125.12 ),214,8583( 192.16.125.12 )
2016-04-21 13:14:10,planetlab-2.ssvl.kth.se,192.16.125.12,5000,1024,145,8589( 192.16.125.12 ),346,8595( 192.16.125.12 )
2016-04-21 16:08:17,planetlab-2.ssvl.kth.se,192.16.125.12,5000,1024,141,8601( 192.16.125.12 ),58,8613( 192.16.125.12 )
2016-04-21 17:08:14,planetlab-2.ssvl.kth.se,192.16.125.12,5000,1024,2522,8614( 192.16.125.12 ),50,8629( 192.16.125.12 )
2016-04-21 18:08:15,planetlab-2.ssvl.kth.se,192.16.125.12,5000,1024,2523,8630( 192.16.125.12 ),64,8645( 192.16.125.12 )
2016-04-21 19:08:13,planetlab-2.ssvl.kth.se,192.16.125.12,5000,1024,2453,8646( 192.16.125.12 ),62,8661( 192.16.125.12 )
2016-04-21 20:08:14,planetlab-2.ssvl.kth.se,192.16.125.12,5000,1024,2564,8662( 192.16.125.12 ),50,8677( 192.16.125.12 )
2016-04-21 21:08:14,planetlab-2.ssvl.kth.se,192.16.125.12,5000,1024,2562,8678( 192.16.125.12 ),60,8693( 192.16.125.12 )
2016-04-21 22:08:14,planetlab-2.ssvl.kth.se,192.16.125.12,5000,1024,2508,8694( 192.16.125.12 ),82,8709( 192.16.125.12 )
2016-04-22 00:08:16,planetlab-2.ssvl.kth.se,192.16.125.12,5000,1024,2548,8710( 192.16.125.12 ),30,8735( 192.16.125.12 )
2016-04-22 01:08:14,planetlab-2.ssvl.kth.se,192.16.125.12,5000,1024,2490,8736( 192.16.125.12 ),56,8751( 192.16.125.12 )
2016-04-22 02:08:14,planetlab-2.ssvl.kth.se,192.16.125.12,5000,1024,2583,8752( 192.16.125.12 ),32,8767( 192.16.125.12 )
2016-04-22 03:08:14,planetlab-2.ssvl.kth.se,192.16.125.12,5000,1024,2536,8768( 192.16.125.12 ),22,8783( 192.16.125.12 )
2016-04-22 04:08:15,planetlab-2.ssvl.kth.se,192.16.125.12,5000,1024,2484,8784( 192.16.125.12 ),21,8799( 192.16.125.12 )
2016-04-22 05:08:13,planetlab-2.ssvl.kth.se,192.16.125.12,5000,1024,2548,8800( 192.16.125.12 ),21,8815( 192.16.125.12 )
2016-04-22 06:08:15,planetlab-2.ssvl.kth.se,192.16.125.12,5000,1024,2515,8816( 192.16.125.12 ),35,8831( 192.16.125.12 )
2016-04-22 07:08:23,planetlab-2.ssvl.kth.se,192.16.125.12,5000,1024,2580,8832( 192.16.125.12 ),20,8847( 192.16.125.12 )
2016-04-22 08:08:17,planetlab-2.ssvl.kth.se,192.16.125.12,5000,1024,2455,8848( 192.16.125.12 ),20,8863( 192.16.125.12 )
2016-04-22 09:08:20,planetlab-2.ssvl.kth.se,192.16.125.12,5000,1024,2490,8864( 192.16.125.12 ),20,8879( 192.16.125.12 )
2016-04-22 10:08:18,planetlab-2.ssvl.kth.se,192.16.125.12,5000,1024,2485,8880( 192.16.125.12 ),20,8895( 192.16.125.12 )
2016-04-22 11:08:16,planetlab-2.ssvl.kth.se,192.16.125.12,5000,1024,2503,8896( 192.16.125.12 ),20,8911( 192.16.125.12 )
2016-04-22 12:08:20,planetlab-2.ssvl.kth.se,192.16.125.12,5000,1024,2452,8912( 192.16.125.12 ),20,8927( 192.16.125.12 )
2016-04-22 13:08:14,planetlab-2.ssvl.kth.se,192.16.125.12,5000,1024,2486,8928( 192.16.125.12 ),26,8943( 192.16.125.12 )
2016-04-22 14:08:15,planetlab-2.ssvl.kth.se,192.16.125.12,5000,1024,2548,8944( 192.16.125.12 ),25,8959( 192.16.125.12 )
2016-04-22 15:08:14,planetlab-2.ssvl.kth.se,192.16.125.12,5000,1024,2521,8960( 192.16.125.12 ),31,8975( 192.16.125.12 )
2016-04-22 16:08:15,planetlab-2.ssvl.kth.se,192.16.125.12,5000,1024,2537,8976( 192.16.125.12 ),22,8991( 192.16.125.12 )
2016-04-22 17:08:13,planetlab-2.ssvl.kth.se,192.16.125.12,5000,1024,2517,8992( 192.16.125.12 ),27,9007( 192.16.125.12 )
2016-04-22 18:08:16,planetlab-2.ssvl.kth.se,192.16.125.12,5000,1024,2458,9008( 192.16.125.12 ),25,9023( 192.16.125.12 )
2016-04-22 19:08:13,planetlab-2.ssvl.kth.se,192.16.125.12,5000,1024,2571,9024( 192.16.125.12 ),30,9039( 192.16.125.12 )
2016-04-22 20:08:15,planetlab-2.ssvl.kth.se,192.16.125.12,5000,1024,2567,9040( 192.16.125.12 ),35,9055( 192.16.125.12 )
2016-04-22 21:08:14,planetlab-2.ssvl.kth.se,192.16.125.12,5000,1024,2573,9056( 192.16.125.12 ),20,9071( 192.16.125.12 )
2016-04-22 22:08:15,planetlab-2.ssvl.kth.se,192.16.125.12,5000,1024,2534,9072( 192.16.125.12 ),28,9087( 192.16.125.12 )
2016-04-22 23:08:14,planetlab-2.ssvl.kth.se,192.16.125.12,5000,1024,2528,9088( 192.16.125.12 ),21,9103( 192.16.125.12 )
2016-04-20 16:49:16,pl2.sos.info.hiroshima-cu.ac.jp,165.242.90.129,5000,1024,86,7911( 165.242.90.129 ),0,7912( 165.242.90.129 )
2016-04-20 17:49:12,pl2.sos.info.hiroshima-cu.ac.jp,165.242.90.129,5000,1024,87,7971( 165.242.90.129 ),247,7972( 165.242.90.129 )
2016-04-20 18:49:15,pl2.sos.info.hiroshima-cu.ac.jp,165.242.90.129,5000,1024,85,8027( 165.242.90.129 ),0,8028( 165.242.90.129 )
2016-04-20 19:48:49,pl2.sos.info.hiroshima-cu.ac.jp,165.242.90.129,5000,1024,85,8083( 165.242.90.129 ),2511,8084( 165.242.90.129 )
2016-04-20 20:48:49,pl2.sos.info.hiroshima-cu.ac.jp,165.242.90.129,5000,1024,86,8139( 165.242.90.129 ),2504,8140( 165.242.90.129 )
2016-04-20 21:48:49,pl2.sos.info.hiroshima-cu.ac.jp,165.242.90.129,5000,1024,86,8195( 165.242.90.129 ),2488,8196( 165.242.90.129 )
2016-04-20 22:48:44,pl2.sos.info.hiroshima-cu.ac.jp,165.242.90.129,5000,1024,85,8251( 165.242.90.129 ),2396,8252( 165.242.90.129 )
2016-04-20 23:48:48,pl2.sos.info.hiroshima-cu.ac.jp,165.242.90.129,5000,1024,86,8307( 165.242.90.129 ),2425,8308( 165.242.90.129 )
2016-04-21 00:48:49,pl2.sos.info.hiroshima-cu.ac.jp,165.242.90.129,5000,1024,85,8363( 165.242.90.129 ),2439,8364( 165.242.90.129 )
2016-04-21 01:48:49,pl2.sos.info.hiroshima-cu.ac.jp,165.242.90.129,5000,1024,85,8419( 165.242.90.129 ),2460,8420( 165.242.90.129 )
2016-04-21 02:48:48,pl2.sos.info.hiroshima-cu.ac.jp,165.242.90.129,5000,1024,85,8475( 165.242.90.129 ),2429,8476( 165.242.90.129 )
2016-04-21 03:48:51,pl2.sos.info.hiroshima-cu.ac.jp,165.242.90.129,5000,1024,86,8531( 165.242.90.129 ),2425,8532( 165.242.90.129 )
2016-04-21 05:40:08,pl2.sos.info.hiroshima-cu.ac.jp,165.242.90.129,5000,1024,1229,8539( 165.242.90.129 ),1271,8547( 165.242.90.129 )
2016-04-21 07:42:06,pl2.sos.info.hiroshima-cu.ac.jp,165.242.90.129,5000,1024,1293,8553( 165.242.90.129 ),1171,8559( 165.242.90.129 )
2016-04-21 09:26:14,pl2.sos.info.hiroshima-cu.ac.jp,165.242.90.129,5000,1024,1273,8565( 165.242.90.129 ),1258,8571( 165.242.90.129 )
2016-04-21 11:42:06,pl2.sos.info.hiroshima-cu.ac.jp,165.242.90.129,5000,1024,1279,8578( 165.242.90.129 ),1189,8584( 165.242.90.129 )
2016-04-21 13:26:14,pl2.sos.info.hiroshima-cu.ac.jp,165.242.90.129,5000,1024,1339,8590( 165.242.90.129 ),1231,8596( 165.242.90.129 )
2016-04-21 16:12:17,pl2.sos.info.hiroshima-cu.ac.jp,165.242.90.129,5000,1024,1324,8602( 165.242.90.129 ),85,8615( 165.242.90.129 )
2016-04-21 17:12:12,pl2.sos.info.hiroshima-cu.ac.jp,165.242.90.129,5000,1024,2453,8616( 165.242.90.129 ),85,8631( 165.242.90.129 )
2016-04-21 18:12:15,pl2.sos.info.hiroshima-cu.ac.jp,165.242.90.129,5000,1024,2451,8632( 165.242.90.129 ),317,8647( 165.242.90.129 )
2016-04-21 19:12:16,pl2.sos.info.hiroshima-cu.ac.jp,165.242.90.129,5000,1024,2493,8648( 165.242.90.129 ),85,8663( 165.242.90.129 )
2016-04-21 20:12:16,pl2.sos.info.hiroshima-cu.ac.jp,165.242.90.129,5000,1024,2456,8664( 165.242.90.129 ),85,8679( 165.242.90.129 )
2016-04-21 21:12:18,pl2.sos.info.hiroshima-cu.ac.jp,165.242.90.129,5000,1024,2493,8680( 165.242.90.129 ),86,8695( 165.242.90.129 )
2016-04-21 22:12:17,pl2.sos.info.hiroshima-cu.ac.jp,165.242.90.129,5000,1024,2415,8696( 165.242.90.129 ),86,8711( 165.242.90.129 )
2016-04-22 00:12:17,pl2.sos.info.hiroshima-cu.ac.jp,165.242.90.129,5000,1024,2466,8712( 165.242.90.129 ),86,8737( 165.242.90.129 )
2016-04-22 01:12:16,pl2.sos.info.hiroshima-cu.ac.jp,165.242.90.129,5000,1024,2503,8738( 165.242.90.129 ),86,8753( 165.242.90.129 )
2016-04-22 02:12:16,pl2.sos.info.hiroshima-cu.ac.jp,165.242.90.129,5000,1024,2456,8754( 165.242.90.129 ),85,8769( 165.242.90.129 )
2016-04-22 03:12:16,pl2.sos.info.hiroshima-cu.ac.jp,165.242.90.129,5000,1024,2480,8770( 165.242.90.129 ),85,8785( 165.242.90.129 )
2016-04-22 04:12:13,pl2.sos.info.hiroshima-cu.ac.jp,165.242.90.129,5000,1024,2444,8786( 165.242.90.129 ),85,8801( 165.242.90.129 )
2016-04-22 05:12:17,pl2.sos.info.hiroshima-cu.ac.jp,165.242.90.129,5000,1024,2469,8802( 165.242.90.129 ),85,8817( 165.242.90.129 )
2016-04-22 06:12:11,pl2.sos.info.hiroshima-cu.ac.jp,165.242.90.129,5000,1024,2489,8818( 165.242.90.129 ),85,8833( 165.242.90.129 )
2016-04-22 07:12:22,pl2.sos.info.hiroshima-cu.ac.jp,165.242.90.129,5000,1024,2437,8834( 165.242.90.129 ),85,8849( 165.242.90.129 )
2016-04-22 08:12:21,pl2.sos.info.hiroshima-cu.ac.jp,165.242.90.129,5000,1024,2444,8850( 165.242.90.129 ),85,8865( 165.242.90.129 )
2016-04-22 09:12:22,pl2.sos.info.hiroshima-cu.ac.jp,165.242.90.129,5000,1024,2429,8866( 165.242.90.129 ),20,8881( 165.242.90.129 )
2016-04-22 10:12:20,pl2.sos.info.hiroshima-cu.ac.jp,165.242.90.129,5000,1024,2415,8882( 165.242.90.129 ),20,8897( 165.242.90.129 )
2016-04-22 11:12:22,pl2.sos.info.hiroshima-cu.ac.jp,165.242.90.129,5000,1024,2389,8898( 165.242.90.129 ),70,8913( 165.242.90.129 )
2016-04-22 12:12:19,pl2.sos.info.hiroshima-cu.ac.jp,165.242.90.129,5000,1024,2402,8914( 165.242.90.129 ),20,8929( 165.242.90.129 )
2016-04-22 13:12:22,pl2.sos.info.hiroshima-cu.ac.jp,165.242.90.129,5000,1024,2532,8930( 165.242.90.129 ),20,8945( 165.242.90.129 )
2016-04-22 14:12:23,pl2.sos.info.hiroshima-cu.ac.jp,165.242.90.129,5000,1024,2460,8946( 165.242.90.129 ),20,8961( 165.242.90.129 )
2016-04-22 15:12:19,pl2.sos.info.hiroshima-cu.ac.jp,165.242.90.129,5000,1024,2483,8962( 165.242.90.129 ),20,8977( 165.242.90.129 )
2016-04-22 16:12:22,pl2.sos.info.hiroshima-cu.ac.jp,165.242.90.129,5000,1024,2439,8978( 165.242.90.129 ),92,8993( 165.242.90.129 )
2016-04-22 17:12:22,pl2.sos.info.hiroshima-cu.ac.jp,165.242.90.129,5000,1024,2468,8994( 165.242.90.129 ),1781,9009( 165.242.90.129 )
2016-04-22 18:12:23,pl2.sos.info.hiroshima-cu.ac.jp,165.242.90.129,5000,1024,2522,9010( 165.242.90.129 ),1623,9025( 165.242.90.129 )
2016-04-22 19:12:12,pl2.sos.info.hiroshima-cu.ac.jp,165.242.90.129,5000,1024,2536,9026( 165.242.90.129 ),1601,9041( 165.242.90.129 )
2016-04-22 20:12:16,pl2.sos.info.hiroshima-cu.ac.jp,165.242.90.129,5000,1024,2426,9042( 165.242.90.129 ),1583,9057( 165.242.90.129 )
2016-04-22 21:12:16,pl2.sos.info.hiroshima-cu.ac.jp,165.242.90.129,5000,1024,2518,9058( 165.242.90.129 ),1646,9073( 165.242.90.129 )
2016-04-22 22:12:17,pl2.sos.info.hiroshima-cu.ac.jp,165.242.90.129,5000,1024,2488,9074( 165.242.90.129 ),1595,9089( 165.242.90.129 )
2016-04-22 23:12:16,pl2.sos.info.hiroshima-cu.ac.jp,165.242.90.129,5000,1024,2515,9090( 165.242.90.129 ),1621,9105( 165.242.90.129 )
2016-04-20 15:40:35,planetlab1.ecs.vuw.ac.nz,130.195.4.68,5000,1024,4913,7871( 130.195.4.68 ),4912,7872( 130.195.4.68 )
2016-04-20 16:24:14,planetlab1.ecs.vuw.ac.nz,130.195.4.68,5000,1024,4914,7887( 130.195.4.68 ),4911,7888( 130.195.4.68 )
2016-04-20 17:24:19,planetlab1.ecs.vuw.ac.nz,130.195.4.68,5000,1024,4912,7943( 130.195.4.68 ),4913,7944( 130.195.4.68 )
2016-04-20 18:24:17,planetlab1.ecs.vuw.ac.nz,130.195.4.68,5000,1024,4912,8003( 130.195.4.68 ),4913,8004( 130.195.4.68 )
2016-04-20 19:24:14,planetlab1.ecs.vuw.ac.nz,130.195.4.68,5000,1024,4913,8059( 130.195.4.68 ),4913,8060( 130.195.4.68 )
2016-04-20 20:24:19,planetlab1.ecs.vuw.ac.nz,130.195.4.68,5000,1024,4914,8115( 130.195.4.68 ),4912,8116( 130.195.4.68 )
2016-04-20 21:24:21,planetlab1.ecs.vuw.ac.nz,130.195.4.68,5000,1024,4913,8171( 130.195.4.68 ),4913,8172( 130.195.4.68 )
2016-04-20 22:24:15,planetlab1.ecs.vuw.ac.nz,130.195.4.68,5000,1024,4912,8227( 130.195.4.68 ),4912,8228( 130.195.4.68 )
2016-04-20 23:24:19,planetlab1.ecs.vuw.ac.nz,130.195.4.68,5000,1024,4913,8283( 130.195.4.68 ),4913,8284( 130.195.4.68 )
2016-04-21 00:24:19,planetlab1.ecs.vuw.ac.nz,130.195.4.68,5000,1024,4912,8339( 130.195.4.68 ),4913,8340( 130.195.4.68 )
2016-04-21 01:24:15,planetlab1.ecs.vuw.ac.nz,130.195.4.68,5000,1024,4912,8395( 130.195.4.68 ),4912,8396( 130.195.4.68 )
2016-04-21 02:24:14,planetlab1.ecs.vuw.ac.nz,130.195.4.68,5000,1024,4913,8451( 130.195.4.68 ),4913,8452( 130.195.4.68 )
2016-04-21 03:24:14,planetlab1.ecs.vuw.ac.nz,130.195.4.68,5000,1024,4913,8507( 130.195.4.68 ),4913,8508( 130.195.4.68 )
2016-04-21 16:16:15,planetlab1.ecs.vuw.ac.nz,130.195.4.68,5000,1024,4913,8617( 130.195.4.68 ),4913,8618( 130.195.4.68 )
2016-04-21 17:16:14,planetlab1.ecs.vuw.ac.nz,130.195.4.68,5000,1024,4914,8633( 130.195.4.68 ),4913,8634( 130.195.4.68 )
2016-04-21 18:16:14,planetlab1.ecs.vuw.ac.nz,130.195.4.68,5000,1024,4914,8649( 130.195.4.68 ),4913,8650( 130.195.4.68 )
2016-04-21 19:16:14,planetlab1.ecs.vuw.ac.nz,130.195.4.68,5000,1024,4914,8665( 130.195.4.68 ),4912,8666( 130.195.4.68 )
2016-04-21 20:16:15,planetlab1.ecs.vuw.ac.nz,130.195.4.68,5000,1024,4913,8681( 130.195.4.68 ),4913,8682( 130.195.4.68 )
2016-04-21 21:16:14,planetlab1.ecs.vuw.ac.nz,130.195.4.68,5000,1024,4914,8697( 130.195.4.68 ),4913,8698( 130.195.4.68 )
2016-04-21 22:16:14,planetlab1.ecs.vuw.ac.nz,130.195.4.68,5000,1024,4914,8713( 130.195.4.68 ),4912,8714( 130.195.4.68 )
2016-04-21 23:16:14,planetlab1.ecs.vuw.ac.nz,130.195.4.68,5000,1024,4912,8723( 130.195.4.68 ),4912,8724( 130.195.4.68 )
2016-04-22 00:16:18,planetlab1.ecs.vuw.ac.nz,130.195.4.68,5000,1024,4913,8739( 130.195.4.68 ),4913,8740( 130.195.4.68 )
2016-04-22 01:16:14,planetlab1.ecs.vuw.ac.nz,130.195.4.68,5000,1024,4912,8755( 130.195.4.68 ),4913,8756( 130.195.4.68 )
2016-04-22 02:16:19,planetlab1.ecs.vuw.ac.nz,130.195.4.68,5000,1024,4914,8771( 130.195.4.68 ),4913,8772( 130.195.4.68 )
2016-04-22 03:16:20,planetlab1.ecs.vuw.ac.nz,130.195.4.68,5000,1024,4913,8787( 130.195.4.68 ),4913,8788( 130.195.4.68 )
2016-04-22 04:16:15,planetlab1.ecs.vuw.ac.nz,130.195.4.68,5000,1024,4913,8803( 130.195.4.68 ),4913,8804( 130.195.4.68 )
2016-04-22 05:16:19,planetlab1.ecs.vuw.ac.nz,130.195.4.68,5000,1024,4913,8819( 130.195.4.68 ),4913,8820( 130.195.4.68 )
2016-04-22 06:16:19,planetlab1.ecs.vuw.ac.nz,130.195.4.68,5000,1024,4914,8835( 130.195.4.68 ),4913,8836( 130.195.4.68 )
2016-04-22 07:16:15,planetlab1.ecs.vuw.ac.nz,130.195.4.68,5000,1024,4910,8851( 130.195.4.68 ),4912,8852( 130.195.4.68 )
2016-04-22 08:16:14,planetlab1.ecs.vuw.ac.nz,130.195.4.68,5000,1024,4912,8867( 130.195.4.68 ),4912,8868( 130.195.4.68 )
2016-04-22 09:16:13,planetlab1.ecs.vuw.ac.nz,130.195.4.68,5000,1024,4913,8883( 130.195.4.68 ),4913,8884( 130.195.4.68 )
2016-04-22 10:16:14,planetlab1.ecs.vuw.ac.nz,130.195.4.68,5000,1024,4913,8899( 130.195.4.68 ),4913,8900( 130.195.4.68 )
2016-04-22 11:16:16,planetlab1.ecs.vuw.ac.nz,130.195.4.68,5000,1024,4914,8915( 130.195.4.68 ),4913,8916( 130.195.4.68 )
2016-04-22 12:16:20,planetlab1.ecs.vuw.ac.nz,130.195.4.68,5000,1024,4912,8931( 130.195.4.68 ),4913,8932( 130.195.4.68 )
2016-04-22 13:16:14,planetlab1.ecs.vuw.ac.nz,130.195.4.68,5000,1024,4912,8947( 130.195.4.68 ),4911,8948( 130.195.4.68 )
2016-04-22 14:16:14,planetlab1.ecs.vuw.ac.nz,130.195.4.68,5000,1024,4914,8963( 130.195.4.68 ),4913,8964( 130.195.4.68 )
2016-04-22 15:16:15,planetlab1.ecs.vuw.ac.nz,130.195.4.68,5000,1024,4914,8979( 130.195.4.68 ),4913,8980( 130.195.4.68 )
2016-04-22 16:16:14,planetlab1.ecs.vuw.ac.nz,130.195.4.68,5000,1024,4914,8995( 130.195.4.68 ),4913,8996( 130.195.4.68 )
2016-04-22 17:16:13,planetlab1.ecs.vuw.ac.nz,130.195.4.68,5000,1024,4913,9011( 130.195.4.68 ),4913,9012( 130.195.4.68 )
2016-04-22 18:16:14,planetlab1.ecs.vuw.ac.nz,130.195.4.68,5000,1024,4914,9027( 130.195.4.68 ),4912,9028( 130.195.4.68 )
2016-04-22 19:16:22,planetlab1.ecs.vuw.ac.nz,130.195.4.68,5000,1024,4913,9043( 130.195.4.68 ),4913,9044( 130.195.4.68 )
2016-04-22 20:16:15,planetlab1.ecs.vuw.ac.nz,130.195.4.68,5000,1024,4912,9059( 130.195.4.68 ),4913,9060( 130.195.4.68 )
2016-04-22 21:16:13,planetlab1.ecs.vuw.ac.nz,130.195.4.68,5000,1024,4914,9075( 130.195.4.68 ),4912,9076( 130.195.4.68 )
2016-04-22 22:16:14,planetlab1.ecs.vuw.ac.nz,130.195.4.68,5000,1024,4914,9091( 130.195.4.68 ),4913,9092( 130.195.4.68 )
2016-04-22 23:16:16,planetlab1.ecs.vuw.ac.nz,130.195.4.68,5000,1024,4914,9107( 130.195.4.68 ),4913,9108( 130.195.4.68 )
2016-04-20 15:25:48,planetlab2.cs.uml.edu,129.63.159.102,5000,1024,20,7851( 129.63.159.102 ),0,7852( 129.63.159.102 )
2016-04-20 15:28:48,planetlab2.cs.uml.edu,129.63.159.102,5000,1024,20,7853( 129.63.159.102 ),0,7854( 129.63.159.102 )
2016-04-20 16:51:43,planetlab2.cs.uml.edu,129.63.159.102,5000,1024,20,7913( 129.63.159.102 ),0,7914( 129.63.159.102 )
2016-04-20 17:51:43,planetlab2.cs.uml.edu,129.63.159.102,5000,1024,20,7973( 129.63.159.102 ),0,7974( 129.63.159.102 )
2016-04-20 18:51:44,planetlab2.cs.uml.edu,129.63.159.102,5000,1024,20,8029( 129.63.159.102 ),0,8030( 129.63.159.102 )
2016-04-20 19:51:21,planetlab2.cs.uml.edu,129.63.159.102,5000,1024,20,8085( 129.63.159.102 ),1599,8086( 129.63.159.102 )
2016-04-20 20:51:27,planetlab2.cs.uml.edu,129.63.159.102,5000,1024,20,8141( 129.63.159.102 ),1658,8142( 129.63.159.102 )
2016-04-20 21:51:27,planetlab2.cs.uml.edu,129.63.159.102,5000,1024,20,8197( 129.63.159.102 ),1546,8198( 129.63.159.102 )
2016-04-20 22:51:31,planetlab2.cs.uml.edu,129.63.159.102,5000,1024,20,8253( 129.63.159.102 ),1468,8254( 129.63.159.102 )
2016-04-20 23:51:32,planetlab2.cs.uml.edu,129.63.159.102,5000,1024,20,8309( 129.63.159.102 ),1008,8310( 129.63.159.102 )
2016-04-21 00:52:04,planetlab2.cs.uml.edu,129.63.159.102,5000,1024,20,8365( 129.63.159.102 ),0,8366( 129.63.159.102 )
2016-04-21 01:51:29,planetlab2.cs.uml.edu,129.63.159.102,5000,1024,20,8421( 129.63.159.102 ),1587,8422( 129.63.159.102 )
2016-04-21 02:51:14,planetlab2.cs.uml.edu,129.63.159.102,5000,1024,20,8477( 129.63.159.102 ),1215,8478( 129.63.159.102 )
2016-04-21 03:52:23,planetlab2.cs.uml.edu,129.63.159.102,5000,1024,21,8533( 129.63.159.102 ),36,8534( 129.63.159.102 )
2016-04-21 05:48:45,planetlab2.cs.uml.edu,129.63.159.102,5000,1024,134,8540( 129.63.159.102 ),2227,8548( 129.63.159.102 )
2016-04-21 08:48:45,planetlab2.cs.uml.edu,129.63.159.102,5000,1024,2286,8554( 129.63.159.102 ),2192,8566( 129.63.159.102 )
2016-04-21 10:48:45,planetlab2.cs.uml.edu,129.63.159.102,5000,1024,0,8572( 129.63.159.102 ),2273,8579( 129.63.159.102 )
2016-04-21 12:48:45,planetlab2.cs.uml.edu,129.63.159.102,5000,1024,2298,8585( 129.63.159.102 ),2251,8591( 129.63.159.102 )
2016-04-21 16:20:48,planetlab2.cs.uml.edu,129.63.159.102,5000,1024,2309,8603( 129.63.159.102 ),20,8619( 129.63.159.102 )
2016-04-21 17:20:48,planetlab2.cs.uml.edu,129.63.159.102,5000,1024,1528,8620( 129.63.159.102 ),20,8635( 129.63.159.102 )
2016-04-21 18:20:33,planetlab2.cs.uml.edu,129.63.159.102,5000,1024,1541,8636( 129.63.159.102 ),20,8651( 129.63.159.102 )
2016-04-21 19:20:46,planetlab2.cs.uml.edu,129.63.159.102,5000,1024,1613,8652( 129.63.159.102 ),20,8667( 129.63.159.102 )
2016-04-21 20:20:28,planetlab2.cs.uml.edu,129.63.159.102,5000,1024,1593,8668( 129.63.159.102 ),20,8683( 129.63.159.102 )
2016-04-21 21:20:30,planetlab2.cs.uml.edu,129.63.159.102,5000,1024,1619,8684( 129.63.159.102 ),20,8699( 129.63.159.102 )
2016-04-21 22:20:24,planetlab2.cs.uml.edu,129.63.159.102,5000,1024,1404,8700( 129.63.159.102 ),20,8715( 129.63.159.102 )
2016-04-21 23:20:28,planetlab2.cs.uml.edu,129.63.159.102,5000,1024,1718,8716( 129.63.159.102 ),20,8725( 129.63.159.102 )
2016-04-22 00:20:23,planetlab2.cs.uml.edu,129.63.159.102,5000,1024,1531,8726( 129.63.159.102 ),20,8741( 129.63.159.102 )
2016-04-22 01:20:25,planetlab2.cs.uml.edu,129.63.159.102,5000,1024,1567,8742( 129.63.159.102 ),20,8757( 129.63.159.102 )
2016-04-22 02:22:25,planetlab2.cs.uml.edu,129.63.159.102,5000,1024,1550,8758( 129.63.159.102 ),20,8773( 129.63.159.102 )
2016-04-22 03:20:26,planetlab2.cs.uml.edu,129.63.159.102,5000,1024,1529,8774( 129.63.159.102 ),20,8789( 129.63.159.102 )
2016-04-22 04:20:27,planetlab2.cs.uml.edu,129.63.159.102,5000,1024,1938,8790( 129.63.159.102 ),20,8805( 129.63.159.102 )
2016-04-22 05:20:26,planetlab2.cs.uml.edu,129.63.159.102,5000,1024,1521,8806( 129.63.159.102 ),20,8821( 129.63.159.102 )
2016-04-22 06:20:26,planetlab2.cs.uml.edu,129.63.159.102,5000,1024,1042,8822( 129.63.159.102 ),20,8837( 129.63.159.102 )
2016-04-22 07:20:35,planetlab2.cs.uml.edu,129.63.159.102,5000,1024,1578,8838( 129.63.159.102 ),24,8853( 129.63.159.102 )
2016-04-22 08:20:26,planetlab2.cs.uml.edu,129.63.159.102,5000,1024,821,8854( 129.63.159.102 ),20,8869( 129.63.159.102 )
2016-04-22 09:21:00,planetlab2.cs.uml.edu,129.63.159.102,5000,1024,1134,8870( 129.63.159.102 ),20,8885( 129.63.159.102 )
2016-04-22 10:20:27,planetlab2.cs.uml.edu,129.63.159.102,5000,1024,1662,8886( 129.63.159.102 ),20,8901( 129.63.159.102 )
2016-04-22 11:20:28,planetlab2.cs.uml.edu,129.63.159.102,5000,1024,522,8902( 129.63.159.102 ),20,8917( 129.63.159.102 )
2016-04-22 12:20:41,planetlab2.cs.uml.edu,129.63.159.102,5000,1024,1666,8918( 129.63.159.102 ),20,8933( 129.63.159.102 )
2016-04-22 13:20:26,planetlab2.cs.uml.edu,129.63.159.102,5000,1024,1753,8934( 129.63.159.102 ),20,8949( 129.63.159.102 )
2016-04-22 14:20:25,planetlab2.cs.uml.edu,129.63.159.102,5000,1024,1612,8950( 129.63.159.102 ),20,8965( 129.63.159.102 )
2016-04-22 15:20:21,planetlab2.cs.uml.edu,129.63.159.102,5000,1024,1522,8966( 129.63.159.102 ),20,8981( 129.63.159.102 )
2016-04-22 16:20:20,planetlab2.cs.uml.edu,129.63.159.102,5000,1024,1499,8982( 129.63.159.102 ),20,8997( 129.63.159.102 )
2016-04-22 17:20:22,planetlab2.cs.uml.edu,129.63.159.102,5000,1024,1536,8998( 129.63.159.102 ),20,9013( 129.63.159.102 )
2016-04-22 18:20:21,planetlab2.cs.uml.edu,129.63.159.102,5000,1024,1602,9014( 129.63.159.102 ),20,9029( 129.63.159.102 )
2016-04-22 19:20:30,planetlab2.cs.uml.edu,129.63.159.102,5000,1024,1586,9030( 129.63.159.102 ),20,9045( 129.63.159.102 )
2016-04-22 20:20:22,planetlab2.cs.uml.edu,129.63.159.102,5000,1024,756,9046( 129.63.159.102 ),20,9061( 129.63.159.102 )
2016-04-22 21:20:23,planetlab2.cs.uml.edu,129.63.159.102,5000,1024,1559,9062( 129.63.159.102 ),20,9077( 129.63.159.102 )
2016-04-22 22:20:36,planetlab2.cs.uml.edu,129.63.159.102,5000,1024,903,9078( 129.63.159.102 ),23,9093( 129.63.159.102 )
2016-04-22 23:20:28,planetlab2.cs.uml.edu,129.63.159.102,5000,1024,705,9094( 129.63.159.102 ),22,9109( 129.63.159.102 )
2016-04-20 16:10:02,pluto.cs.brown.edu,192.91.235.230,5000,1024,50,7881( 192.91.235.230 ),0,7882( 192.91.235.230 )
2016-04-20 16:53:12,pluto.cs.brown.edu,192.91.235.230,5000,1024,20,7915( 192.91.235.230 ),0,7916( 192.91.235.230 )
2016-04-20 17:53:12,pluto.cs.brown.edu,192.91.235.230,5000,1024,20,7975( 192.91.235.230 ),0,7976( 192.91.235.230 )
2016-04-20 18:53:18,pluto.cs.brown.edu,192.91.235.230,5000,1024,20,8031( 192.91.235.230 ),0,8032( 192.91.235.230 )
2016-04-20 19:52:49,pluto.cs.brown.edu,192.91.235.230,5000,1024,20,8087( 192.91.235.230 ),2320,8088( 192.91.235.230 )
2016-04-20 20:52:53,pluto.cs.brown.edu,192.91.235.230,5000,1024,20,8143( 192.91.235.230 ),2419,8144( 192.91.235.230 )
2016-04-20 21:52:49,pluto.cs.brown.edu,192.91.235.230,5000,1024,20,8199( 192.91.235.230 ),2553,8200( 192.91.235.230 )
2016-04-20 22:52:45,pluto.cs.brown.edu,192.91.235.230,5000,1024,20,8255( 192.91.235.230 ),2550,8256( 192.91.235.230 )
2016-04-20 23:52:45,pluto.cs.brown.edu,192.91.235.230,5000,1024,21,8311( 192.91.235.230 ),2516,8312( 192.91.235.230 )
2016-04-21 00:52:46,pluto.cs.brown.edu,192.91.235.230,5000,1024,34,8367( 192.91.235.230 ),2537,8368( 192.91.235.230 )
2016-04-21 01:52:43,pluto.cs.brown.edu,192.91.235.230,5000,1024,20,8423( 192.91.235.230 ),2469,8424( 192.91.235.230 )
2016-04-21 02:52:49,pluto.cs.brown.edu,192.91.235.230,5000,1024,20,8479( 192.91.235.230 ),2510,8480( 192.91.235.230 )
2016-04-21 05:52:45,pluto.cs.brown.edu,192.91.235.230,5000,1024,20,8541( 192.91.235.230 ),327,8549( 192.91.235.230 )
2016-04-21 13:51:59,pluto.cs.brown.edu,192.91.235.230,5000,1024,1596,8560( 192.91.235.230 ),1514,8597( 192.91.235.230 )
2016-04-21 16:24:45,pluto.cs.brown.edu,192.91.235.230,5000,1024,20,8621( 192.91.235.230 ),2461,8622( 192.91.235.230 )
2016-04-21 17:24:45,pluto.cs.brown.edu,192.91.235.230,5000,1024,20,8637( 192.91.235.230 ),2501,8638( 192.91.235.230 )
2016-04-21 18:24:49,pluto.cs.brown.edu,192.91.235.230,5000,1024,20,8653( 192.91.235.230 ),2345,8654( 192.91.235.230 )
2016-04-21 19:24:49,pluto.cs.brown.edu,192.91.235.230,5000,1024,20,8669( 192.91.235.230 ),2417,8670( 192.91.235.230 )
2016-04-21 20:24:42,pluto.cs.brown.edu,192.91.235.230,5000,1024,20,8685( 192.91.235.230 ),2485,8686( 192.91.235.230 )
2016-04-21 21:24:45,pluto.cs.brown.edu,192.91.235.230,5000,1024,20,8701( 192.91.235.230 ),2538,8702( 192.91.235.230 )
2016-04-21 22:24:47,pluto.cs.brown.edu,192.91.235.230,5000,1024,20,8717( 192.91.235.230 ),2369,8718( 192.91.235.230 )
2016-04-21 23:24:45,pluto.cs.brown.edu,192.91.235.230,5000,1024,20,8727( 192.91.235.230 ),2448,8728( 192.91.235.230 )
2016-04-22 00:24:44,pluto.cs.brown.edu,192.91.235.230,5000,1024,20,8743( 192.91.235.230 ),2439,8744( 192.91.235.230 )
2016-04-22 01:24:50,pluto.cs.brown.edu,192.91.235.230,5000,1024,20,8759( 192.91.235.230 ),2479,8760( 192.91.235.230 )
2016-04-22 02:24:48,pluto.cs.brown.edu,192.91.235.230,5000,1024,20,8775( 192.91.235.230 ),2579,8776( 192.91.235.230 )
2016-04-22 03:24:45,pluto.cs.brown.edu,192.91.235.230,5000,1024,20,8791( 192.91.235.230 ),2534,8792( 192.91.235.230 )
2016-04-22 04:24:44,pluto.cs.brown.edu,192.91.235.230,5000,1024,20,8807( 192.91.235.230 ),2510,8808( 192.91.235.230 )
2016-04-22 05:24:43,pluto.cs.brown.edu,192.91.235.230,5000,1024,20,8823( 192.91.235.230 ),2502,8824( 192.91.235.230 )
2016-04-22 06:24:46,pluto.cs.brown.edu,192.91.235.230,5000,1024,20,8839( 192.91.235.230 ),2358,8840( 192.91.235.230 )
2016-04-22 07:25:03,pluto.cs.brown.edu,192.91.235.230,5000,1024,20,8855( 192.91.235.230 ),1846,8856( 192.91.235.230 )
2016-04-22 08:24:44,pluto.cs.brown.edu,192.91.235.230,5000,1024,20,8871( 192.91.235.230 ),2551,8872( 192.91.235.230 )
2016-04-22 09:24:44,pluto.cs.brown.edu,192.91.235.230,5000,1024,25,8887( 192.91.235.230 ),2504,8888( 192.91.235.230 )
2016-04-22 10:24:44,pluto.cs.brown.edu,192.91.235.230,5000,1024,20,8903( 192.91.235.230 ),2490,8904( 192.91.235.230 )
2016-04-22 11:24:49,pluto.cs.brown.edu,192.91.235.230,5000,1024,48,8919( 192.91.235.230 ),2481,8920( 192.91.235.230 )
2016-04-22 12:24:48,pluto.cs.brown.edu,192.91.235.230,5000,1024,20,8935( 192.91.235.230 ),2457,8936( 192.91.235.230 )
2016-04-22 13:24:49,pluto.cs.brown.edu,192.91.235.230,5000,1024,20,8951( 192.91.235.230 ),2198,8952( 192.91.235.230 )
2016-04-22 14:24:45,pluto.cs.brown.edu,192.91.235.230,5000,1024,20,8967( 192.91.235.230 ),2538,8968( 192.91.235.230 )
2016-04-22 15:24:44,pluto.cs.brown.edu,192.91.235.230,5000,1024,20,8983( 192.91.235.230 ),2522,8984( 192.91.235.230 )
2016-04-22 16:24:44,pluto.cs.brown.edu,192.91.235.230,5000,1024,32,8999( 192.91.235.230 ),2515,9000( 192.91.235.230 )
2016-04-22 17:24:44,pluto.cs.brown.edu,192.91.235.230,5000,1024,31,9015( 192.91.235.230 ),2496,9016( 192.91.235.230 )
2016-04-22 18:24:44,pluto.cs.brown.edu,192.91.235.230,5000,1024,37,9031( 192.91.235.230 ),2546,9032( 192.91.235.230 )
2016-04-22 19:24:43,pluto.cs.brown.edu,192.91.235.230,5000,1024,20,9047( 192.91.235.230 ),2510,9048( 192.91.235.230 )
2016-04-22 20:24:43,pluto.cs.brown.edu,192.91.235.230,5000,1024,48,9063( 192.91.235.230 ),2490,9064( 192.91.235.230 )
2016-04-22 21:24:43,pluto.cs.brown.edu,192.91.235.230,5000,1024,20,9079( 192.91.235.230 ),2472,9080( 192.91.235.230 )
2016-04-22 22:24:44,pluto.cs.brown.edu,192.91.235.230,5000,1024,20,9095( 192.91.235.230 ),2431,9096( 192.91.235.230 )
2016-04-22 23:24:52,pluto.cs.brown.edu,192.91.235.230,5000,1024,20,9111( 192.91.235.230 ),2313,9112( 192.91.235.230 )
2016-04-20 16:15:58,planetlab2.cs.ubc.ca,142.103.2.2,5000,1024,20,7883( 142.103.2.2 ),0,7884( 142.103.2.2 )
2016-04-20 16:55:18,planetlab2.cs.ubc.ca,142.103.2.2,5000,1024,20,7917( 142.103.2.2 ),0,7918( 142.103.2.2 )
2016-04-20 17:55:15,planetlab2.cs.ubc.ca,142.103.2.2,5000,1024,20,7977( 142.103.2.2 ),0,7978( 142.103.2.2 )
2016-04-20 18:55:15,planetlab2.cs.ubc.ca,142.103.2.2,5000,1024,20,8033( 142.103.2.2 ),0,8034( 142.103.2.2 )
2016-04-20 19:54:49,planetlab2.cs.ubc.ca,142.103.2.2,5000,1024,20,8089( 142.103.2.2 ),2082,8090( 142.103.2.2 )
2016-04-20 20:54:54,planetlab2.cs.ubc.ca,142.103.2.2,5000,1024,20,8145( 142.103.2.2 ),2203,8146( 142.103.2.2 )
2016-04-20 21:54:55,planetlab2.cs.ubc.ca,142.103.2.2,5000,1024,20,8201( 142.103.2.2 ),2160,8202( 142.103.2.2 )
2016-04-20 22:54:56,planetlab2.cs.ubc.ca,142.103.2.2,5000,1024,20,8257( 142.103.2.2 ),1778,8258( 142.103.2.2 )
2016-04-20 23:54:48,planetlab2.cs.ubc.ca,142.103.2.2,5000,1024,20,8313( 142.103.2.2 ),2132,8314( 142.103.2.2 )
2016-04-21 00:54:50,planetlab2.cs.ubc.ca,142.103.2.2,5000,1024,20,8369( 142.103.2.2 ),2150,8370( 142.103.2.2 )
2016-04-21 01:54:52,planetlab2.cs.ubc.ca,142.103.2.2,5000,1024,20,8425( 142.103.2.2 ),2108,8426( 142.103.2.2 )
2016-04-21 02:54:57,planetlab2.cs.ubc.ca,142.103.2.2,5000,1024,20,8481( 142.103.2.2 ),1912,8482( 142.103.2.2 )
2016-04-21 04:52:16,planetlab2.cs.ubc.ca,142.103.2.2,5000,1024,20,8535( 142.103.2.2 ),20,8542( 142.103.2.2 )
2016-04-21 06:54:00,planetlab2.cs.ubc.ca,142.103.2.2,5000,1024,2255,8543( 142.103.2.2 ),1762,8555( 142.103.2.2 )
2016-04-21 10:51:57,planetlab2.cs.ubc.ca,142.103.2.2,5000,1024,1826,8567( 142.103.2.2 ),1760,8580( 142.103.2.2 )
2016-04-21 12:51:58,planetlab2.cs.ubc.ca,142.103.2.2,5000,1024,1614,8586( 142.103.2.2 ),1449,8592( 142.103.2.2 )
2016-04-21 16:28:15,planetlab2.cs.ubc.ca,142.103.2.2,5000,1024,1478,8604( 142.103.2.2 ),20,8623( 142.103.2.2 )
2016-04-21 17:28:19,planetlab2.cs.ubc.ca,142.103.2.2,5000,1024,2146,8624( 142.103.2.2 ),20,8639( 142.103.2.2 )
2016-04-21 18:28:18,planetlab2.cs.ubc.ca,142.103.2.2,5000,1024,2187,8640( 142.103.2.2 ),20,8655( 142.103.2.2 )
2016-04-21 19:28:15,planetlab2.cs.ubc.ca,142.103.2.2,5000,1024,2049,8656( 142.103.2.2 ),20,8671( 142.103.2.2 )
2016-04-21 20:28:13,planetlab2.cs.ubc.ca,142.103.2.2,5000,1024,1979,8672( 142.103.2.2 ),20,8687( 142.103.2.2 )
2016-04-21 21:28:17,planetlab2.cs.ubc.ca,142.103.2.2,5000,1024,2150,8688( 142.103.2.2 ),20,8703( 142.103.2.2 )
2016-04-21 22:28:15,planetlab2.cs.ubc.ca,142.103.2.2,5000,1024,1833,8704( 142.103.2.2 ),20,8719( 142.103.2.2 )
2016-04-21 23:28:23,planetlab2.cs.ubc.ca,142.103.2.2,5000,1024,2021,8720( 142.103.2.2 ),20,8729( 142.103.2.2 )
2016-04-22 00:28:14,planetlab2.cs.ubc.ca,142.103.2.2,5000,1024,1789,8730( 142.103.2.2 ),20,8745( 142.103.2.2 )
2016-04-22 01:28:15,planetlab2.cs.ubc.ca,142.103.2.2,5000,1024,2122,8746( 142.103.2.2 ),20,8761( 142.103.2.2 )
2016-04-22 02:28:17,planetlab2.cs.ubc.ca,142.103.2.2,5000,1024,1957,8762( 142.103.2.2 ),20,8777( 142.103.2.2 )
2016-04-22 03:28:28,planetlab2.cs.ubc.ca,142.103.2.2,5000,1024,1820,8778( 142.103.2.2 ),20,8793( 142.103.2.2 )
2016-04-22 04:28:14,planetlab2.cs.ubc.ca,142.103.2.2,5000,1024,709,8794( 142.103.2.2 ),20,8809( 142.103.2.2 )
2016-04-22 05:28:30,planetlab2.cs.ubc.ca,142.103.2.2,5000,1024,2081,8810( 142.103.2.2 ),20,8825( 142.103.2.2 )
2016-04-22 06:28:15,planetlab2.cs.ubc.ca,142.103.2.2,5000,1024,1528,8826( 142.103.2.2 ),20,8841( 142.103.2.2 )
2016-04-22 07:28:19,planetlab2.cs.ubc.ca,142.103.2.2,5000,1024,1772,8842( 142.103.2.2 ),20,8857( 142.103.2.2 )
2016-04-22 08:28:16,planetlab2.cs.ubc.ca,142.103.2.2,5000,1024,1951,8858( 142.103.2.2 ),20,8873( 142.103.2.2 )
2016-04-22 09:28:18,planetlab2.cs.ubc.ca,142.103.2.2,5000,1024,1932,8874( 142.103.2.2 ),20,8889( 142.103.2.2 )
2016-04-22 10:28:18,planetlab2.cs.ubc.ca,142.103.2.2,5000,1024,2037,8890( 142.103.2.2 ),20,8905( 142.103.2.2 )
2016-04-22 11:28:19,planetlab2.cs.ubc.ca,142.103.2.2,5000,1024,1671,8906( 142.103.2.2 ),20,8921( 142.103.2.2 )
2016-04-22 12:28:22,planetlab2.cs.ubc.ca,142.103.2.2,5000,1024,1692,8922( 142.103.2.2 ),20,8937( 142.103.2.2 )
2016-04-22 13:28:13,planetlab2.cs.ubc.ca,142.103.2.2,5000,1024,1856,8938( 142.103.2.2 ),20,8953( 142.103.2.2 )
2016-04-22 14:28:13,planetlab2.cs.ubc.ca,142.103.2.2,5000,1024,2118,8954( 142.103.2.2 ),20,8969( 142.103.2.2 )
2016-04-22 15:28:15,planetlab2.cs.ubc.ca,142.103.2.2,5000,1024,2206,8970( 142.103.2.2 ),20,8985( 142.103.2.2 )
2016-04-22 16:28:13,planetlab2.cs.ubc.ca,142.103.2.2,5000,1024,2139,8986( 142.103.2.2 ),20,9001( 142.103.2.2 )
2016-04-22 17:28:14,planetlab2.cs.ubc.ca,142.103.2.2,5000,1024,1958,9002( 142.103.2.2 ),20,9017( 142.103.2.2 )
2016-04-22 18:28:15,planetlab2.cs.ubc.ca,142.103.2.2,5000,1024,1903,9018( 142.103.2.2 ),20,9033( 142.103.2.2 )
2016-04-22 19:28:23,planetlab2.cs.ubc.ca,142.103.2.2,5000,1024,1925,9034( 142.103.2.2 ),20,9049( 142.103.2.2 )
2016-04-22 20:28:18,planetlab2.cs.ubc.ca,142.103.2.2,5000,1024,1372,9050( 142.103.2.2 ),20,9065( 142.103.2.2 )
2016-04-22 21:28:17,planetlab2.cs.ubc.ca,142.103.2.2,5000,1024,1839,9066( 142.103.2.2 ),20,9081( 142.103.2.2 )
2016-04-22 22:28:13,planetlab2.cs.ubc.ca,142.103.2.2,5000,1024,1769,9082( 142.103.2.2 ),20,9097( 142.103.2.2 )
2016-04-22 23:28:13,planetlab2.cs.ubc.ca,142.103.2.2,5000,1024,2147,9098( 142.103.2.2 ),20,9113( 142.103.2.2 )
